Metric,Value,Percent
Wage share reduction,0.0034491921255584554,0.34%
Consumption effect,0.0013796768502233822,0.14%
Keynesian multiplier (c=0.7),3.333333333333333,3.33
AD effect (with multiplier),0.0045989228340779405,0.46%
Employment share at risk,0.0026813857190868683,0.27%
Wage bill at risk ($),41118711386.788315,"$41,118,711,387"
