Metric,Value,Percent
Wage share reduction,0.24035648112892538,24.04%
Consumption effect,0.09614259245157016,9.61%
Keynesian multiplier (c=0.7),3.333333333333333,3.33
AD effect (with multiplier),0.3204753081719005,32.05%
Employment share at risk,0.22274163078282036,22.27%
Wage bill at risk ($),2808097732800.259,"$2,808,097,732,800"
