Metric,Value,Percent
Wage-weighted task displacement,0.0034491921255584554,0.34%
Predicted wage effect (σ=1.5),-0.0011497307085194851,-0.11%
Employment-weighted exposure,0.0026813857190868683,0.27%
Total wage bill ($),11921258628100.0,"$11,921,258,628,100"
