Model,Beta_log_wage,SE,P_value,N,Significant,Beta_formatted
A1: GLM Poisson (full),1.4989094818543642,0.23634372427786018,2.2669179419522515e-10,490,***,1.4989 (0.2363)***
A1: GLM Poisson (no amb),1.4925278299765141,0.25287758800081517,3.5873988642814014e-09,453,***,1.4925 (0.2529)***
A2: Log-linear OLS,1.1062263943669428,0.2147371481476532,2.5836004317816066e-07,490,***,1.1062 (0.2147)***
B1: Task-level OLS (full),0.14268005037512435,0.0993079159343757,0.1507907533790861,2580,,0.1427 (0.0993)
B1: Task-level OLS (no amb),0.13612414840164466,0.09910939345231586,0.16960512221173363,1960,,0.1361 (0.0991)
